,name
0,"""Coelosaurus"" antiquus"
1,Aachenosaurus
2,Aardonyx
3,Abdarainurus
4,Abditosaurus
5,Abelisaurus
6,Abrictosaurus
7,Abrosaurus
8,Abydosaurus
9,Acantholipan
10,Acanthopholis
11,Achelousaurus
12,Acheroraptor
13,Achillesaurus
14,Achillobator
15,Acristavus
16,Acrocanthosaurus
17,Acrotholus
18,Actiosaurus
19,Adamantisaurus
20,Adasaurus
21,Adelolophus
22,Adeopapposaurus
23,Adratiklit
24,Adynomosaurus
25,Aegyptosaurus
26,Aeolosaurus
27,Aepisaurus
28,Aepyornithomimus
29,Aerosteon
30,Afromimus
31,Afrovenator
32,Agathaumas
33,Aggiosaurus
34,Agilisaurus
35,Agnosphitys
36,Agrosaurus
37,Agujaceratops
38,Agustinia
39,Ahshislepelta
40,Ajkaceratops
41,Ajnabia
42,Akainacephalus
43,Alamosaurus
44,Alaskacephale
45,Albalophosaurus
46,Albertaceratops
47,Albertadromeus
48,Albertavenator
49,Albertonykus
50,Albertosaurus
51,Albinykus
52,Albisaurus
53,Alcovasaurus
54,Alectrosaurus
55,Aletopelta
56,Algoasaurus
57,Alioramus
58,Allosaurus
59,Almas ukhaa
60,Alnashetri
61,Alocodon
62,Altirhinus
63,Altispinax
64,Alvarezsaurus
65,Alwalkeria
66,Alxasaurus
67,Amanzia
68,Amargasaurus
69,Amargatitanis
70,Amazonsaurus
71,Ambopteryx
72,Ampelosaurus
73,Amphicoelias
74,Amtocephale
75,Amtosaurus
76,Amurosaurus
77,Amygdalodon
78,Anabisetia
79,Analong
80,Anasazisaurus
81,Anchiceratops
82,Anchiornis
83,Anchisaurus
84,Andesaurus
85,Angolatitan
86,Angulomastacator
87,Anhuilong
88,Aniksosaurus
89,Animantarx
90,Ankistrodon
91,Ankylosauria
92,Ankylosaurus
93,Anodontosaurus
94,Anomalipes
95,Anoplosaurus
96,Anserimimus
97,Antarctopelta
98,Antarctosaurus
99,Antetonitrus
100,Antrodemus
101,Anzu wyliei
102,Aoniraptor
103,Aorun
104,Apatodon
105,Apatoraptor
106,Apatosaurus
107,Appalachiosaurus
108,Aquilarhinus
109,Aquilops
110,Arackar
111,Aragosaurus
112,Aralosaurus
113,Aratasaurus
114,Archaeoceratops
115,Archaeodontosaurus
116,Archaeopteryx
117,Archaeoraptor
118,Archaeornithoides
119,Archaeornithomimus
120,Archosaur
121,Arcovenator
122,Arctosaurus
123,Arcusaurus
124,Arenysaurus
125,Argentinosaurus
126,Argyrosaurus
127,Aristosuchus
128,Arizonasaurus
129,Arkansaurus
130,Arkharavia
131,Arrhinoceratops
132,Arrudatitan
133,Arstanosaurus
134,Asfaltovenator
135,Asiaceratops
136,Asiamericana
137,Asiatosaurus
138,Asilisaurus
139,Astrodon
140,Astrophocaudia
141,Asylosaurus
142,Atacamatitan
143,Atlantosaurus
144,Atlasaurus
145,Atlascopcosaurus
146,Atrociraptor
147,Atsinganosaurus
148,Aublysodon
149,Aucasaurus
150,Augustynolophus
151,Auroraceratops
152,Aurornis
153,Australodocus
154,Australotitan
155,Australovenator
156,Austrocheirus
157,Austroposeidon
158,Austroraptor
159,Austrosaurus
160,Avaceratops
161,Avalonianus
162,Avebrevicauda
163,Avemetatarsalia
164,Aviatyrannis
165,Avimimus
166,Avipes
167,Avisaurus
168,Azendohsaurus
169,Azhdarchoidea
170,Baalsaurus
171,Bactrosaurus
172,Bagaceratops
173,Bagaraatan
174,Bagualia
175,Bagualosaurus
176,Bahariasaurus
177,Bainoceratops
178,Bajadasaurus
179,Balaur bondoc
180,Bambiraptor
181,Banji
182,Bannykus
183,Baotianmansaurus
184,Barapasaurus
185,Barilium
186,Barosaurus
187,Barrosasaurus
188,Barsboldia
189,Baryonyx
190,Bashanosaurus
191,Basutodon
192,Batyrosaurus
193,Baurutitan
194,Bayannurosaurus
195,Beg tse
196,Beibeilong
197,Beipiaognathus
198,Beipiaosaurus
199,Beishanlong
200,Bellusaurus
201,Belodon
202,Berberosaurus
203,Berthasaura
204,Betasuchus
205,Bicentenaria
206,Bienosaurus
207,Bissektipelta
208,Bistahieversor
209,Bisticeratops
210,Blasisaurus
211,Blikanasaurus
212,Bolong
213,Bonapartenykus
214,Bonapartesaurus
215,Bonatitan
216,Bonitasaura
217,Borealopelta
218,Borealosaurus
219,Boreonykus
220,Borogovia
221,Bothriospondylus
222,Brachiosaurus
223,Brachyceratops
224,Brachylophosaurus
225,Brachypodosaurus
226,Brachytrachelopan
227,Bradycneme
228,Brasileosaurus
229,Brasilotitan
230,Bravasaurus
231,Bravoceratops
232,Breviceratops
233,Brighstoneus
234,Brithopus
235,Brohisaurus
236,Brontomerus
237,Brontosaurus
238,Bruhathkayosaurus
239,Buitreraptor
240,Burianosaurus
241,Buriolestes
242,Byronosaurus
243,Caenagnathasia
244,Caenagnathus
245,Caihong
246,Calamosaurus
247,Calamospondylus
248,Callovosaurus
249,Camarasaurus
250,Camarillasaurus
251,Camelotia
252,Camposaurus
253,Camptosaurus
254,Campylodoniscus
255,Canardia
256,Carcharodontosaurus
257,Cardiodon
258,Carnotaurus
259,Caseosaurus
260,Cathartesaura
261,Caudipteryx
262,Cedarosaurus
263,Cedarpelta
264,Cedrorestes
265,Centemodon
266,Centrosaurus
267,Cerasinops
268,Ceratonykus
269,Ceratops
270,Ceratosaurus
271,Ceratosuchops
272,Cetiosauriscus
273,Cetiosaurus
274,Changchunsaurus
275,Changmiania
276,Changyuraptor
277,Chaoyangsaurus
278,Charonosaurus
279,Chasmosaurus
280,Chebsaurus
281,Chenanisaurus
282,Chialingosaurus
283,Chiayusaurus
284,Chienkosaurus
285,Chilantaisaurus
286,Chilesaurus
287,Chindesaurus
288,Chingkankousaurus
289,Chinshakiangosaurus
290,Chirostenotes
291,Choconsaurus
292,Chondrosteosaurus
293,Choyrodon
294,Chromogisaurus
295,Chuandongocoelurus
296,Chuanjiesaurus
297,Chuanqilong
298,Chubutisaurus
299,Chungkingosaurus
300,Chuxiongosaurus
301,Cionodon
302,Citipati
303,Citipes
304,Claorhynchus
305,Claosaurus
306,Clasmodosaurus
307,Clepsysaurus
308,Coahuilaceratops
309,Coelophysis
310,Coeluroides
311,Coelurosauravus
312,Coelurus
313,Colepiocephale
314,Coloradisaurus
315,Comahuesaurus
316,Compsognathus
317,Compsosuchus
318,Concavenator
319,Conchoraptor
320,Condorraptor
321,Convolosaurus
322,Coronosaurus
323,Corythoraptor
324,Corythosaurus
325,Craspedodon
326,Craterosaurus
327,Crichtonpelta
328,Crichtonsaurus
329,Cristatusaurus
330,Crittendenceratops
331,Crocodilia
332,Crosbysaurus
333,Crurotarsi
334,Cruxicheiros
335,Cryolophosaurus
336,Cryptosaurus
337,Cumnoria
338,Daanosaurus
339,Dacentrurus
340,Daemonosaurus
341,Dahalokely
342,Dakosaurus
343,Dakotadon
344,Dakotaraptor
345,Daliansaurus
346,Dandakosaurus
347,Dashanpusaurus
348,Daspletosaurus
349,Dasygnathoides
350,Datanglong
351,Datonglong
352,Datousaurus
353,Daxiatitan
354,Deinocheirus
355,Deinodon
356,Deinonychus
357,Deltadromeus
358,Demandasaurus
359,Denversaurus
360,Deuterosaurus
361,Diabloceratops
362,Diamantinasaurus
363,Dianchungosaurus
364,Diapsid
365,Diclonius
366,Dicraeosaurus
367,Dilong paradoxus
368,Dilophosaurus
369,Diluvicursor
370,Dimetrodon
371,Dineobellator
372,Dinheirosaurus
373,Dinodocus
374,Diplodocus
375,Diplotomodon
376,Dolichosuchus
377,Dongbeititan
378,Dongyangopelta
379,Dongyangosaurus
380,Doratodon
381,Draconyx
382,Dracopelta
383,Dracoraptor
384,Dracovenator
385,Dravidosaurus
386,Dreadnoughtus
387,Dromaeosauroides
388,Dromaeosaurus
389,Dromiceiomimus
390,Drusilasaura
391,Dryosaurus
392,Dryptosauroides
393,Dryptosaurus
394,Dubreuillosaurus
395,Duriatitan
396,Duriavenator
397,Dynamoterror
398,Dyoplosaurus
399,Dysalotosaurus
400,Dysganus
401,Dyslocosaurus
402,Dystrophaeus
403,Dzharaonyx
404,Dzharatitanis
405,Echinodon
406,Edmontonia
407,Edmontosaurus
408,Efraasia
409,Einiosaurus
410,Ekrixinatosaurus
411,Elachistosuchus
412,Elaltitan
413,Elaphrosaurus
414,Elemgasem
415,Elmisaurus
416,Elopteryx
417,Elrhazosaurus
418,Emausaurus
419,Embasaurus
420,Enigmosaurus
421,Eoabelisaurus
422,Eocarcharia
423,Eocursor
424,Eodromaeus
425,Eolambia
426,Eomamenchisaurus
427,Eoraptor
428,Eosinopteryx
429,Eotrachodon
430,Eotriceratops
431,Eotyrannus
432,Eousdryosaurus
433,Epachthosaurus
434,Epanterias
435,Epichirostenotes
436,Epidexipteryx
437,Equijubus
438,Erectopus
439,Erketu
440,Erliansaurus
441,Erlikosaurus
442,Erythrovenator
443,Eshanosaurus
444,Eucamerotus
445,Eucercosaurus
446,Eucnemesaurus
447,Eucoelophysis
448,Euhelopus
449,Euoplocephalus
450,Eurolimnornis
451,Euronychodon
452,Europasaurus
453,Europatitan
454,Europelta
455,Euskelosaurus
456,Eustreptospondylus
457,Fabrosaurus
458,Falcarius
459,Ferganasaurus
460,Ferganocephale
461,Ferrisaurus
462,Foraminacephale
463,Fosterovenator
464,Fostoria dhimbangunmal
465,Fruitadens
466,Fukuiraptor
467,Fukuisaurus
468,Fukuititan
469,Fukuivenator
470,Fulengia
471,Fulgurotherium
472,Fushanosaurus
473,Fusuisaurus
474,Futabasaurus
475,Futalognkosaurus
476,Fylax
477,Galeamopus
478,Galesaurus
479,Galleonosaurus
480,Gallimimus
481,Galvesaurus
482,Gannansaurus
483,Ganzhousaurus
484,Gargoyleosaurus
485,Garrigatitan
486,Garudimimus
487,Gasosaurus
488,Gasparinisaura
489,Gastonia (dinosaur)
490,Geminiraptor
491,Genusaurus
492,Genyodectes
493,Geosaurus
494,Geranosaurus
495,Gideonmantellia
496,Giganotosaurus
497,Gigantoraptor
498,Gigantosaurus
499,Gigantoscelus
500,Gigantspinosaurus
501,Gilmoreosaurus
502,Giraffatitan
503,Glacialisaurus
504,Glishades
505,Glyptodontopelta
506,Gnathovorax
507,Gobihadros
508,Gobiraptor
509,Gobisaurus
510,Gobititan
511,Gobivenator
512,Gojirasaurus
513,Gondwanatitan
514,Gongbusaurus
515,Gongpoquansaurus
516,Gongxianosaurus
517,Gorgosaurus
518,Goyocephale
519,Graciliceratops
520,Graciliraptor
521,Gracilisuchus
522,Gravitholus
523,Gresslyosaurus
524,Gryphoceratops
525,Gryponyx
526,Gryposaurus
527,Guaibasaurus
528,Gualicho
529,Guanlong
530,Guemesia
531,Gwyneddosaurus
532,Gyposaurus
533,Hadrosaurus
534,Haestasaurus
535,Hagryphus
536,Hallopus
537,Halszkaraptor
538,Halticosaurus
539,Hamititan
540,Hanssuesia
541,Haplocanthosaurus
542,Haplocheirus
543,Harpymimus
544,Haya griva
545,Heishansaurus
546,Helioceratops
547,Heptasteornis
548,Herbstosaurus
549,Herrerasaurus
550,Hesperonychus
551,Hesperornithoides
552,Hesperosaurus
553,Heterodontosaurus
554,Hexing
555,Hexinlusaurus
556,Heyuannia
557,Hierosaurus
558,Hippodraco
559,Histriasaurus
560,Homalocephale
561,Honghesaurus
562,Hoplitosaurus
563,Horshamosaurus
564,Hortalotarsus
565,Huabeisaurus
566,Hualianceratops
567,Huallasaurus
568,Huanansaurus
569,Huanghetitan
570,Huangshanlong
571,Huaxiagnathus
572,Huayangosaurus
573,Hudiesaurus
574,Huehuecanauhtlus
575,Huinculsaurus
576,Hulsanpes
577,Hungarosaurus
578,Hylaeosaurus
579,Hypacrosaurus
580,Hyperodapedon
581,Hypselorhachis
582,Hypselosaurus
583,Hypselospinus
584,Hypsibema
585,Hypsibema missouriensis
586,Hypsilophodon
587,Hypsirhophus
588,Iberospinus
589,Ichthyosaur
590,Ichthyovenator
591,Ignavusaurus
592,Ignotosaurus
593,Iguanacolossus
594,Iguanodon
595,Iliosuchus
596,Ilokelesia
597,Imperobator
598,Incisivosaurus
599,Indosaurus
600,Indosuchus
601,Ingentia
602,Inosaurus
603,Invictarx
604,Irisosaurus
605,Irritator
606,Isaberrysaura
607,Isanosaurus
608,Isasicursor
609,Ischioceratops
610,Isisaurus
611,Issi
612,Itapeuasaurus
613,Itemirus
614,Iuticosaurus
615,Iyuku
616,Jainosaurus
617,Jakapil
618,Jaklapallisaurus
619,Janenschia
620,Jaxartosaurus
621,Jeholosaurus
622,Jeyawati
623,Jianchangosaurus
624,Jiangjunosaurus
625,Jiangshanosaurus
626,Jiangxisaurus
627,Jianianhualong
628,Jinbeisaurus
629,Jinfengopteryx
630,Jingshanosaurus
631,Jintasaurus
632,Jinyunpelta
633,Jinzhousaurus
634,Jiutaisaurus
635,Jobaria
636,Jubbulpuria
637,Judiceratops
638,Juratyrant
639,Juravenator
640,Kaatedocus
641,Kaijiangosaurus
642,Kaijutitan
643,Kakuru
644,Kamuysaurus
645,Kangnasaurus
646,Kansaignathus
647,Karongasaurus
648,Katepensaurus
649,Kayentavenator
650,Kazaklambia
651,Kelmayisaurus
652,Kelumapusaura
653,Kemkemia
654,Kentrosaurus
655,Kerberosaurus
656,Khaan
657,Kholumolumo
658,Khulsanurus
659,Kileskus
660,Kinnareemimus
661,Klamelisaurus
662,Kol ghuva
663,Koparion
664,Koreaceratops
665,Koreanosaurus
666,Koshisaurus
667,Kosmoceratops
668,Kotasaurus
669,Koutalisaurus
670,Kritosaurus
671,Kryptops
672,Krzyzanowskisaurus
673,Kulceratops
674,Kulindadromeus
675,Kunbarrasaurus
676,Kundurosaurus
677,Kuru kulla
678,Kurupi itaata
679,Kuszholia
680,Kwanasaurus
681,Labocania
682,Laevisuchus
683,Lagerpeton
684,Lagosuchus
685,Laiyangosaurus
686,Lajasvenator
687,Lambeosaurus
688,Lametasaurus
689,Lamplughsaura
690,Lanzhousaurus
691,Laosaurus
692,Lapampasaurus
693,Laplatasaurus
694,Lapparentosaurus
695,Laquintasaura
696,Lariosaurus
697,Latenivenatrix
698,Latirhinus
699,Lavocatisaurus
700,Leaellynasaura
701,Ledumahadi
702,Leinkupal
703,Leonerasaurus
704,Lepidus praecisio
705,Leptoceratops
706,Leshansaurus
707,Lesothosaurus
708,Lessemsaurus
709,Levnesovia
710,Lewisuchus
711,Lexovisaurus
712,Leyesaurus
713,Liaoceratops
714,Liaoningosaurus
715,Liaoningotitan
716,Liaoningvenator
717,Libycosaurus
718,Ligabueino
719,Ligabuesaurus
720,Liliensternus
721,Limaysaurus
722,Limusaurus
723,Lingwulong
724,Lingyuanosaurus
725,Linhenykus
726,Linheraptor
727,Linhevenator
728,Lirainosaurus
729,Lisboasaurus
730,Liubangosaurus
731,Llukalkan
732,Lohuecotitan
733,Loncosaurus
734,Longisquama
735,Lophorhothon
736,Lophostropheus
737,Lophotrochozoa
738,Loricatosaurus
739,Loricosaurus
740,Losillasaurus
741,Lourinhanosaurus
742,Lourinhasaurus
743,Luanchuanraptor
744,Lucianosaurus
745,Lucianovenator
746,Lufengosaurus
747,Lukousaurus
748,Luoyanggia
749,Lurdusaurus
750,Lusitanosaurus
751,Lusotitan
752,Lusovenator
753,Lutungutali
754,Lycorhinus
755,Lythronax
756,Macelognathus
757,Machairasaurus
758,Machairoceratops
759,Machimosaurus
760,Macrocollum
761,Macrodontophion
762,Macrogryphosaurus
763,Macrurosaurus
764,Magnamanus
765,Magnapaulia
766,Magnosaurus
767,Magyarosaurus
768,Mahakala omnogovae
769,Mahuidacursor
770,Maiasaura
771,Maip
772,Majungasaurus
773,Malarguesaurus
774,Malawisaurus
775,Maleevus
776,Mamenchisaurus
777,Mandschurosaurus
778,Manidens
779,Mansourasaurus
780,Mantellisaurus
781,Mapusaurus
782,Maraapunisaurus
783,Marasuchus
784,Marmarospondylus
785,Marshosaurus
786,Martharaptor
787,Masiakasaurus
788,Massospondylus
789,Matheronodon
790,Maxakalisaurus
791,Mbiresaurus
792,Medusaceratops
793,Megalosaurus
794,Megapnosaurus
795,Megaraptor
796,Melanorosaurus
797,Mendozasaurus
798,Menefeeceratops
799,Menucocelsior
800,Mercuriceratops
801,Meroktenos
802,Metriacanthosaurus
803,Microceratus
804,Microcoelus
805,Microhadrosaurus
806,Micropachycephalosaurus
807,Microraptor
808,Microvenator
809,Mierasaurus
810,Minmi paravertebra
811,Minotaurasaurus
812,Miragaia longicollum
813,Mirischia
814,Mnyamawamtuka
815,Moabosaurus
816,Mochlodon
817,Mongolosaurus
818,Mongolostegus
819,Monkonosaurus
820,Monoclonius
821,Monolophosaurus
822,Mononykus
823,Montanoceratops
824,Morelladon
825,Morinosaurus
826,Moros intrepidus
827,Morrosaurus
828,Mosaiceratops
829,Mosasaur
830,Murusraptor
831,Mussaurus
832,Muttaburrasaurus
833,Muyelensaurus
834,Mymoorapelta
835,Naashoibitosaurus
836,Nambalia
837,Nankangia
838,Nanningosaurus
839,Nanosaurus
840,Nanshiungosaurus
841,Nanuqsaurus
842,Nanyangosaurus
843,Napaisaurus
844,Narambuenatitan
845,Narindasaurus
846,Nasutoceratops
847,Navajoceratops
848,Nebulasaurus
849,Nedcolbertia
850,Nedoceratops
851,Neimongosaurus
852,Nemegtomaia
853,Nemegtonykus
854,Nemegtosaurus
855,Neosodon
856,Neovenator
857,Neuquenraptor
858,Neuquensaurus
859,Ngwevu
860,Nhandumirim
861,Niebla antiqua
862,Nigersaurus
863,Ningyuansaurus
864,Ninjatitan
865,Niobrarasaurus
866,Nipponosaurus
867,Noasaurus
868,Nodocephalosaurus
869,Nodosaurus
870,Nomingia
871,Nopcsaspondylus
872,Normanniasaurus
873,Notatesseraeraptor
874,Nothosaur
875,Nothronychus
876,Notoceratops
877,Notocolossus
878,Notohypsilophodon
879,Nqwebasaurus
880,Nullotitan
881,Nuthetes
882,Nyasasaurus
883,Oceanotitan
884,Ohmdenosaurus
885,Ojoceratops
886,Ojoraptorsaurus
887,Oksoko avarsan
888,Oligosaurus
889,Olorotitan
890,Omeisaurus
891,Ondogurvel
892,Oohkotokia
893,Opisthocoelicaudia
894,Oplosaurus
895,Orkoraptor
896,Ornatops
897,Ornithodesmus
898,Ornitholestes
899,Ornithomerus
900,Ornithomimoides
901,Ornithomimus
902,Ornithopsis
903,Ornithosuchus
904,Orodromeus
905,Orosaurus
906,Orthogoniosaurus
907,Orthomerus
908,Oryctodromeus
909,Osmakasaurus
910,Ostafrikasaurus
911,Ostromia
912,Ouranosaurus
913,Overoraptor
914,Overosaurus
915,Oviraptor
916,Owenodon
917,Oxalaia
918,Ozraptor
919,Pachycephalosaurus
920,Pachyrhinosaurus
921,Pachysuchus
922,Padillasaurus
923,Palaeoctonus
924,Palaeocursornis
925,Palaeopteryx
926,Palaeosaurus
927,Palaeoscincus
928,Paludititan
929,Pampadromaeus
930,Pamparaptor
931,Panamericansaurus
932,Pandoravenator
933,Panguraptor
934,Panoplosaurus
935,Panphagia
936,Pantydraco
937,Papiliovenator
938,Paralitherizinosaurus
939,Paralititan
940,Paranthodon
941,Pararhabdodon
942,Parasaurolophus
943,Paraxenisaurus
944,Pareiasaur
945,Pareiasaurus
946,Pareisactus
947,Parksosaurus
948,Paronychodon
949,Parvicursor
950,Patagonykus
951,Patagosaurus
952,Patagotitan
953,Pawpawsaurus
954,Pectinodon
955,Pedopenna
956,Pegomastax
957,Peishansaurus
958,Pelecanimimus
959,Pellegrinisaurus
960,Peloroplites
961,Pelorosaurus
962,Pelycosaur
963,Pendraig
964,Penelopognathus
965,Pentaceratops
966,Perijasaurus
967,Petrobrasaurus
968,Phaedrolosaurus
969,Philovenator
970,Phuwiangosaurus
971,Phuwiangvenator
972,Phyllodon
973,Phytosaur
974,Piatnitzkysaurus
975,Picrodon
976,Pilmatueia
977,Pinacosaurus
978,Pisanosaurus
979,Pitekunsaurus
980,Piveteausaurus
981,Planicoxa
982,Plateosauravus
983,Plateosaurus
984,Platypelta
985,Plesiohadros
986,Plesiosaur
987,Pneumatoarthrus
988,Pneumatoraptor
989,Podokesaurus
990,Poekilopleuron
991,Polacanthoides
992,Polacanthus
993,Polyodontosaurus
994,Polyonax
995,Ponerosteus
996,Poposaurus
997,Portellsaurus
998,Postosuchus
999,Powellvenator
1000,Pradhania
1001,Prenocephale
1002,Prenoceratops
1003,Priconodon
1004,Priodontognathus
1005,Proa valdearinnoensis
1006,Probactrosaurus
1007,Probrachylophosaurus
1008,Proceratosaurus
1009,Procompsognathus
1010,Prodeinodon
1011,Propanoplosaurus
1012,Prosaurolophus
1013,Protarchaeopteryx
1014,Protecovasaurus
1015,Protoavis
1016,Protoceratops
1017,Protognathosaurus
1018,Protohadros
1019,Protorosauria
1020,Protorosaurus
1021,Pseudosuchia
1022,Psittacosaurus
1023,Pteropelyx
1024,Pterosaur
1025,Pterospondylus
1026,Puertasaurus
1027,Pukyongosaurus
1028,Pulanesaura
1029,Punatitan
1030,Pycnonemosaurus
1031,Pyroraptor
1032,Qantassaurus
1033,Qianzhousaurus
1034,Qiaowanlong
1035,Qijianglong
1036,Qingxiusaurus
1037,Qinlingosaurus
1038,Qiupalong
1039,Qiupanykus
1040,Quaesitosaurus
1041,Quetecsaurus
1042,Quilmesaurus
1043,Rachitrema
1044,Rahiolisaurus
1045,Rahonavis
1046,Rajasaurus
1047,Rapator
1048,Rapetosaurus
1049,Raptorex
1050,Ratchasimasaurus
1051,Rativates
1052,Rauisuchia
1053,Rayososaurus
1054,Razanandrongobe
1055,Rebbachisaurus
1056,Regaliceratops
1057,Regnosaurus
1058,Revueltosaurus
1059,Rhabdodon
1060,Rhadinosaurus
1061,Rhinorex
1062,Rhoetosaurus
1063,Rhomaleopakhus
1064,Rhopalodon
1065,Rhynchosaur
1066,Riabininohadros
1067,Richardoestesia
1068,Rileyasuchus
1069,Rinchenia
1070,Rinconsaurus
1071,Riojasaurus
1072,Riojasuchus
1073,Riparovenator
1074,Rocasaurus
1075,Ruehleia
1076,Rugocaudia
1077,Rugops
1078,Rukwatitan
1079,Ruyangosaurus
1080,Sacisaurus
1081,Sahaliyania
1082,Saichania
1083,Saltasaurus
1084,Saltopus
1085,Saltriovenator
1086,Sanjuansaurus
1087,Sanpasaurus
1088,Santanaraptor
1089,Sanxiasaurus
1090,Sarahsaurus
1091,Sarcolestes
1092,Sarcosaurus
1093,Sarmientosaurus
1094,Saurolophus
1095,Sauroniops
1096,Sauropelta
1097,Saurophaganax
1098,Sauroplites
1099,Sauroposeidon
1100,Saurornithoides
1101,Saurornitholestes
1102,Savannasaurus
1103,Scansoriopteryx
1104,Scelidosaurus
1105,Schleitheimia
1106,Scipionyx
1107,Sciurumimus
1108,Scleromochlus
1109,Scolosaurus
1110,Scutellosaurus
1111,Secernosaurus
1112,Sefapanosaurus
1113,Segisaurus
1114,Segnosaurus
1115,Seitaad
1116,Sektensaurus
1117,Serendipaceratops
1118,Serikornis
1119,Shamosaurus
1120,Shanag
1121,Shantungosaurus
1122,Shanxia
1123,Shanyangosaurus
1124,Shaochilong
1125,Shenzhousaurus
1126,Shidaisaurus
1127,Shingopana
1128,Shishugounykus
1129,Shixinggia
1130,Shri devi
1131,Shuangbaisaurus
1132,Shuangmiaosaurus
1133,Shunosaurus
1134,Shuvosaurus
1135,Shuvuuia
1136,Siamodon
1137,Siamosaurus
1138,Siamotyrannus
1139,Siamraptor
1140,Sibirotitan
1141,Sierraceratops
1142,Sigilmassasaurus
1143,Silesaurus
1144,Siluosaurus
1145,Silutitan
1146,Silvisaurus
1147,Similicaudipteryx
1148,Sinankylosaurus
1149,Sinocalliopteryx
1150,Sinocephale
1151,Sinoceratops
1152,Sinocoelurus
1153,Sinopliosaurus
1154,Sinornithoides
1155,Sinornithomimus
1156,Sinornithosaurus
1157,Sinosauropteryx
1158,Sinosaurus
1159,Sinotyrannus
1160,Sinovenator
1161,Sinraptor
1162,Sinusonasus
1163,Sirindhorna
1164,Skorpiovenator
1165,Smitanosaurus
1166,Sonidosaurus
1167,Sonorasaurus
1168,Soriatitan
1169,Soumyasaurus
1170,Spectrovenator
1171,Sphaerotholus
1172,Sphenosaurus
1173,Sphenosuchia
1174,Sphenosuchus
1175,Spiclypeus
1176,Spicomellus
1177,Spinophorosaurus
1178,Spinops
1179,Spinosaurus
1180,Spinostropheus
1181,Spinosuchus
1182,Spondylosoma
1183,Squalodon
1184,Staurikosaurus
1185,Stegoceras
1186,Stegopelta
1187,Stegosaurides
1188,Stegosaurus
1189,Stegouros
1190,Stellasaurus
1191,Stenonychosaurus
1192,Stenopelix
1193,Stephanosaurus
1194,Stokesosaurus
1195,Streptospondylus
1196,Struthiomimus
1197,Struthiosaurus
1198,Styracosaurus
1199,Succinodon
1200,Suchomimus
1201,Suchoprion
1202,Suchosaurus
1203,Supersaurus
1204,Suskityrannus
1205,Suuwassea
1206,Suzhousaurus
1207,Syngonosaurus
1208,Szechuanosaurus
1209,Tachiraptor
1210,Talarurus
1211,Talenkauen
1212,Tamarro
1213,Tambatitanis
1214,Tangvayosaurus
1215,Tanius
1216,Taniwhasaurus
1217,Tanycolagreus
1218,Tanystropheidae
1219,Tanystropheus
1220,Tanystrosuchus
1221,Taohelong
1222,Tapinocephalus
1223,Tapuiasaurus
1224,Tarascosaurus
1225,Tarbosaurus
1226,Tarchia
1227,Tastavinsaurus
1228,Tatankacephalus
1229,Tatankaceratops
1230,Tataouinea
1231,Tatisaurus
1232,Taurovenator
1233,Taveirosaurus
1234,Tazoudasaurus
1235,Technosaurus
1236,Tecovasaurus
1237,Tehuelchesaurus
1238,Teinurosaurus
1239,Teleocrater
1240,Telmatosaurus
1241,Tendaguria
1242,Tengrisaurus
1243,Tenontosaurus
1244,Teratophoneus
1245,Teratosaurus
1246,Termatosaurus
1247,Terminocavus
1248,Tethyshadros
1249,Texacephale
1250,Texasetes
1251,Thanatotheristes
1252,Thanos simonattoi
1253,Thecocoelurus
1254,Thecodontosaurus
1255,Thecospondylus
1256,Theiophytalia
1257,Therapsid
1258,Therizinosaurus
1259,Theropoda
1260,Thescelosaurus
1261,Thespesius
1262,Tianchisaurus
1263,Tianyulong
1264,Tianyuraptor
1265,Tianzhenosaurus
1266,Tichosteus
1267,Tienshanosaurus
1268,Timimus
1269,Timurlengia
1270,Titanoceratops
1271,Titanosaurus
1272,Tlatolophus
1273,Tochisaurus
1274,Tonganosaurus
1275,Tongtianlong
1276,Tornieria
1277,Torosaurus
1278,Torvosaurus
1279,Tototlmimus
1280,Trachodon
1281,Tralkasaurus
1282,Tratayenia
1283,Traukutitan
1284,Trialestes
1285,Triceratops
1286,Trierarchuncus
1287,Trigonosaurus
1288,Trimucrodon
1289,Trinisaura
1290,Triunfosaurus
1291,Troodon
1292,Tsaagan
1293,Tsagantegia
1294,Tsintaosaurus
1295,Tuebingosaurus
1296,Tugulusaurus
1297,Tuojiangosaurus
1298,Turanoceratops
1299,Turiasaurus
1300,Tylocephale
1301,Tyrannosaurus
1302,Tyrannotitan
1303,Uberabatitan
1304,Ubirajara jubatus
1305,Udanoceratops
1306,Ultrasaurus
1307,Ulughbegsaurus
1308,Unaysaurus
1309,Unenlagia
1310,Unescoceratops
1311,Unquillosaurus
1312,Urbacodon
1313,Utahceratops
1314,Utahraptor
1315,Uteodon
1316,Vagaceratops
1317,Vahiny
1318,Valdoraptor
1319,Valdosaurus
1320,Vallibonavenatrix
1321,Variraptor
1322,Vayuraptor
1323,Vectaerovenator
1324,Vectiraptor
1325,Velafrons
1326,Velocipes
1327,Velociraptor
1328,Velocisaurus
1329,Venaticosuchus
1330,Venenosaurus
1331,Vespersaurus
1332,Veterupristisaurus
1333,Viavenator
1334,Volgatitan
1335,Volkheimeria
1336,Vouivria
1337,Vulcanodon
1338,Wakinosaurus
1339,Walgettosuchus
1340,Wamweracaudia
1341,Wannanosaurus
1342,Weewarrasaurus
1343,Wellnhoferia
1344,Wendiceratops
1345,Wiehenvenator
1346,Willinakaqe
1347,Wintonotitan
1348,Wuerhosaurus
1349,Wulagasaurus
1350,Wulatelong
1351,Wulong bohaiensis
1352,Wyleyia
1353,Xenoceratops
1354,Xenoposeidon
1355,Xenotarsosaurus
1356,Xianshanosaurus
1357,Xiaosaurus
1358,Xiaotingia
1359,Xingtianosaurus
1360,Xingxiulong
1361,Xinjiangovenator
1362,Xinjiangtitan
1363,Xiongguanlong
1364,Xixianykus
1365,Xixiasaurus
1366,Xixiposaurus
1367,Xiyunykus
1368,Xuanhanosaurus
1369,Xuanhuaceratops
1370,Xunmenglong
1371,Xuwulong
1372,Yamaceratops
1373,Yamanasaurus
1374,Yamatosaurus
1375,Yandusaurus
1376,Yangchuanosaurus
1377,Yanornis
1378,Yaverlandia
1379,Yehuecauhceratops
1380,Yi (dinosaur)
1381,Yimenosaurus
1382,Yingshanosaurus
1383,Yinlong
1384,Yixianosaurus
1385,Yizhousaurus
1386,Yongjinglong
1387,Ypupiara
1388,Yuanmousaurus
1389,Yueosaurus
1390,Yulong mini
1391,Yunganglong
1392,Yunmenglong
1393,Yunnanosaurus
1394,Yunyangosaurus
1395,Yurgovuchia
1396,Yutyrannus
1397,Yuxisaurus
1398,Zalmoxes
1399,Zanclodon
1400,Zapalasaurus
1401,Zapsalis
1402,Zaraapelta
1403,Zatomus
1404,Zby
1405,Zephyrosaurus
1406,Zhanghenglong
1407,Zhejiangosaurus
1408,Zhenyuanlong
1409,Zhongjianosaurus
1410,Zhongornis
1411,Zhongyuansaurus
1412,Zhuchengceratops
1413,Zhuchengtitan
1414,Zhuchengtyrannus
1415,Ziapelta
1416,Zigongosaurus
1417,Zizhongosaurus
1418,Zuniceratops
1419,Zuolong
1420,Zuoyunlong
1421,Zupaysaurus
1422,Zuul
